,asia_1_mean,asia_1_stdev,asia_2_mean,asia_2_stdev,earthquake_1_mean,earthquake_1_stdev,earthquake_2_mean,earthquake_2_stdev,survey_1_mean,survey_1_stdev,survey_2_mean,survey_2_stdev
dappl,0.5058765411376399,0.05314798815351805,2.6347732543956,0.2859798127896112,0.32640457153324004,0.020990746497874323,1.5967082977304001,0.04733040186972992,3.5133647918704,0.47439465245778656,44.374685287476005,2.9010794516342364
problog,10.684000000000001,3.229573346434479,16.536,1.6821129569681115,4.531999999999999,0.41058007745140274,10.224,0.8429851718743334,172.15600000000003,134.87081249847947,83.68400000000001,19.59591141029169
derk,33.930320739746094,14.016857086775692,49.133405685424805,6.341846988938739,5.932025909423828,0.4192282575890144,8.60992431640625,1.8583823670547592,6466.112957000732,9237.430312440943,8734.82858657837,3535.6234779362344
