,asia_1_mean,asia_1_stdev,asia_2_mean,asia_2_stdev,earthquake_1_mean,earthquake_1_stdev,earthquake_2_mean,earthquake_2_stdev,survey_1_mean,survey_1_stdev,survey_2_mean,survey_2_stdev
dappl,0.7170438766482,0.5001419257698617,2.6767969131459997,0.3335213983219056,0.3602027893066,0.02010415807074703,1.637506484984,0.029994876605576967,3.617024421692,0.5795155654962484,46.9078063965,2.0544717608903835
problog,10.91,3.4924060474120133,16.870000000000005,1.6559287424282483,4.519999999999999,0.26381811916545844,10.289999999999997,0.7063285354564116,178.3,136.91841366302782,84.99999999999999,19.574575346607137
derk,35.805630683898926,17.071872446854815,49.61831569671631,6.386470867529141,6.24239444732666,0.46948742540042115,9.393095970153809,3.374855441882129,1941.8788850307465,1188.635054408183,4665.830969810486,388.6662692458363
