,asia_1_mean,asia_1_stdev,asia_2_mean,asia_2_stdev,earthquake_1_mean,earthquake_1_stdev,earthquake_2_mean,earthquake_2_stdev,survey_1_mean,survey_1_stdev,survey_2_mean,survey_2_stdev
dappl,0.8668422698968,0.14962526992687852,3.707027435302,0.02374850115257387,0.5212306976317999,0.010834176766404576,2.6877880096460003,0.06179496822065595,4.065561294556001,0.029785494822722962,85.16182899476001,0.06821515125145086
problog,18.299999999999997,2.6874220530932863e-15,25.619999999999997,0.07483314773547949,7.420000000000001,0.07483314773547865,20.000000000000004,0.10954451150103384,192.14000000000001,1.396567220007687,102.6,0.8944271909999182
derk,59.237098693847656,0.5200700620954865,71.76218032836914,0.633034302953525,9.48638916015625,0.2271247714851317,18.10445785522461,0.08243749118579605,2132.5019001960754,357.0293599376321,,
