,asia_1_mean,asia_1_stdev,asia_2_mean,asia_2_stdev,earthquake_1_mean,earthquake_1_stdev,earthquake_2_mean,earthquake_2_stdev,survey_1_mean,survey_1_stdev,survey_2_mean,survey_2_stdev
dappl,1.6351032257077003,0.2828631306819137,2.7564692497252,0.33821122054030117,1.3474678993226004,0.14024900192210044,2.4022364616400003,0.18979878588147944,1.7020916938784003,0.16665004379842266,2.926909923553701,0.18473360895813198
problog,28.619000000000003,11.413208970311551,53.360000000000014,5.513256750778074,15.207000000000003,4.787008564855508,33.185,2.315053995050655,274.359,194.32359717491855,182.32000000000005,43.183177280047374
derk,78.49814653396606,40.82130631476962,119.16053771972656,20.701704839342078,19.434001445770264,5.608278343574573,24.598331451416016,4.541411667085056,4020.8483934402466,1096.3294566983714,,
