,1_mean,1_stdev,2_mean,2_stdev,3_mean,3_stdev,4_mean,4_stdev,5_mean,5_stdev
dappl,0.7004261016850001,0.6797806549010239,0.6031513214112001,0.006899159747267338,1.7883777618400003,0.04156915272877894,382.78660774239995,1.8355325035828733,3798.8093376159995,24.362397988314104
problog,1.96,0.04898979485566369,4.180000000000001,0.1326649916142161,12.84,0.048989794855663266,550.6399999999999,12.628000633512839,2706.62,76.50904260281914
derk,1.3501167297363281,0.0035085624960226355,4.735660552978516,0.11875594722434413,14.925765991210938,0.37519923233353164,129.94613647460938,6.608874478304483,453.2176971435547,41.22106487712634
