,1_mean,1_stdev,2_mean,2_stdev,3_mean,3_stdev,4_mean,4_stdev,5_mean,5_stdev,6_mean,6_stdev,7_mean,7_stdev,8_mean,8_stdev,9_mean,9_stdev,10_mean,10_stdev
dappl,0.4843711853025999,0.030467469084452303,0.617504119873,0.011059127452892958,1.8796920776380002,0.055663054178460215,193.28532218940003,1.5009575068373822,874.2472171784,37.85017779172961,35933.853197079996,115.26104157608404,,,,,,,,
problog,1.98,0.040000000000000105,4.0600000000000005,0.04898979485566355,12.9,0.0,546.3,14.660422913408746,2628.5000000000005,25.28715088735775,,,,,,,,,,
derk,1.6324043273925781,0.019046287216913173,4.951333999633789,0.2275759777239224,14.580392837524414,0.13607762907329568,124.77231025695801,6.970970805731311,409.4494819641113,33.405233882145225,3746.9852447509766,337.17908111334606,25812.42389678955,1007.5139026519842,,,,,,
