,3_3_1_1_mean,3_3_1_1_stdev,3_3_2_1_mean,3_3_2_1_stdev
dappl,,,,
problog,0.8,0.0,1.9400000000000002,0.048989794855663585
derk,,,,
