,1_mean,1_stdev,2_mean,2_stdev,3_mean,3_stdev
dappl,1.85799598694,0.0,,,,
problog,47.7,0.0,,,,
derk,80.90543746948242,0.0,2107.7399253845215,0.0,106048.18344116211,0.0
