,1_mean,1_stdev,2_mean,2_stdev,3_mean,3_stdev
dappl,5.44500350952,0.0,10.8249187469,0.0,23.4169960022,0.0
problog,53.400000000000006,0.0,,,,
derk,88.55915069580078,0.0,2405.292749404907,0.0,105920.16577720642,0.0
