,2_mean,2_stdev,3_mean,3_stdev,4_mean,4_stdev,5_mean,5_stdev
dappl,0.635862350464,0.0,0.820159912109,0.0,2.5761127471900003,0.0,8.18586349487,0.0
problog,6.4,0.0,17.099999999999998,0.0,66.3,0.0,329.40000000000003,0.0
derk,10.3912353515625,0.0,27.047157287597656,0.0,62.870025634765625,0.0,116.80889129638672,0.0
