,2_mean,2_stdev,3_mean,3_stdev,4_mean,4_stdev,5_mean,5_stdev,6_mean,6_stdev,7_mean,7_stdev,8_mean,8_stdev,9_mean,9_stdev,10_mean,10_stdev,11_mean,11_stdev
dappl,3.83496284485,0.0,1.7831325531,0.0,7.49611854553,0.0,28.4230709076,0.0,258.06498527499997,0.0,2115.54002762,0.0,19002.4380684,0.0,,,,,,
problog,23.900000000000002,0.0,51.00000000000001,0.0,187.20000000000002,0.0,884.1,0.0,4719.299999999999,0.0,22023.2,0.0,103032.9,0.0,,,,,,
derk,32.00411796569824,0.0,81.07948303222656,0.0,163.76996040344238,0.0,337.9402160644531,0.0,532.9387187957764,0.0,953.8960456848145,0.0,1249.0575313568115,0.0,1696.1495876312256,0.0,2616.1587238311768,0.0,2816.9806003570557,0.0
