,1_mean,1_stdev,2_mean,2_stdev
dappl,0.447988510132,0.0,155.25293350200002,0.0
problog,6.3,0.0,19494.6,0.0
derk,10.667800903320312,0.0,108.49118232727051,0.0
