,2_mean,2_stdev,3_mean,3_stdev,4_mean,4_stdev,5_mean,5_stdev
dappl,0.432968139648,0.0,0.786066055298,0.0,3.19194793701,0.0,12.6569271088,0.0
problog,6.3,0.0,17.5,0.0,66.5,0.0,329.4,0.0
derk,10.356903076171875,0.0,30.822038650512695,0.0,61.394691467285156,0.0,104.86459732055664,0.0
